-- housesテーブル
INSERT IGNORE INTO houses (id, name, image_name, description, price, capacity, postal_code, address, phone_number) VALUES (1, 'SAMURAIの宿', 'house01.jpg', '最寄り駅から徒歩10分。自然豊かで閑静な場所にあります。長期滞在も可能です。', 6000, 2, '073-0145', '名古屋市西区X-XX-XX', '012-345-678');
INSERT IGNORE INTO houses (id, name, image_name, description, price, capacity, postal_code, address, phone_number) VALUES (2, 'ペンション SAMURAI', 'house02.jpg', '最寄り駅から徒歩10分。自然豊かで閑静な場所にあります。長期滞在も可能です。', 7000, 3, '030-0945', '名古屋市北区X-XX-XX', '012-345-678');
INSERT IGNORE INTO houses (id, name, image_name, description, price, capacity, postal_code, address, phone_number) VALUES (3, 'SAMURAI荘', 'house03.jpg', '最寄り駅から徒歩10分。自然豊かで閑静な場所にあります。長期滞在も可能です。', 8000, 4, '029-5618', '名古屋市守山区X-XX-XX', '012-345-678');
INSERT IGNORE INTO houses (id, name, image_name, description, price, capacity, postal_code, address, phone_number) VALUES (4, 'ゲストハウス SAMURAI', 'house04.jpg', '最寄り駅から徒歩10分。自然豊かで閑静な場所にあります。長期滞在も可能です。', 9000, 5, '989-0555', '名古屋市中村区X-XX-XX', '012-345-678');
INSERT IGNORE INTO houses (id, name, image_name, description, price, capacity, postal_code, address, phone_number) VALUES (5, 'SAMURAI屋', 'house05.jpg', '最寄り駅から徒歩10分。自然豊かで閑静な場所にあります。長期滞在も可能です。', 10000, 6, '018-2661', '名古屋市中区X-XX-XX', '012-345-678');
INSERT IGNORE INTO houses (id, name, image_name, description, price, capacity, postal_code, address, phone_number) VALUES (6, '民宿 SAMURAI', 'house06.jpg', '最寄り駅から徒歩10分。自然豊かで閑静な場所にあります。長期滞在も可能です。', 6000, 2, '999-6708', '名古屋市東区X-XX-XX', '012-345-678');
INSERT IGNORE INTO houses (id, name, image_name, description, price, capacity, postal_code, address, phone_number) VALUES (7, 'SAMURAIハイツ', 'house07.jpg', '最寄り駅から徒歩10分。自然豊かで閑静な場所にあります。長期滞在も可能です。', 7000, 3, '969-5147', '名古屋市千種区X-XX-XX', '012-345-678');
INSERT IGNORE INTO houses (id, name, image_name, description, price, capacity, postal_code, address, phone_number) VALUES (8, 'メゾンSAMURAI', 'house08.jpg', '最寄り駅から徒歩10分。自然豊かで閑静な場所にあります。長期滞在も可能です。', 8000, 4, '310-0021', '名古屋市名東区X-XX-XX', '012-345-678');
INSERT IGNORE INTO houses (id, name, image_name, description, price, capacity, postal_code, address, phone_number) VALUES (9, 'SAMURAIマンション', 'house09.jpg', '最寄り駅から徒歩10分。自然豊かで閑静な場所にあります。長期滞在も可能です。', 9000, 5, '323-1101', '名古屋市昭和区X-XX-XX', '012-345-678');
INSERT IGNORE INTO houses (id, name, image_name, description, price, capacity, postal_code, address, phone_number) VALUES (10, 'コーポSAMURAI', 'house10.jpg', '最寄り駅から徒歩10分。自然豊かで閑静な場所にあります。長期滞在も可能です。', 10000, 6, '370-0806', '名古屋市中川区X-XX-XX', '012-345-678');
INSERT IGNORE INTO houses (id, name, image_name, description, price, capacity, postal_code, address, phone_number) VALUES (11, 'SAMURAIハイム', 'house01.jpg', '最寄り駅から徒歩10分。自然豊かで閑静な場所にあります。長期滞在も可能です。', 6000, 2, '344-0125', '名古屋市熱田区X-XX-XX', '012-345-678');
INSERT IGNORE INTO houses (id, name, image_name, description, price, capacity, postal_code, address, phone_number) VALUES (12, 'ヴィラSAMURAI', 'house02.jpg', '最寄り駅から徒歩10分。自然豊かで閑静な場所にあります。長期滞在も可能です。', 7000, 3, '272-0011', '名古屋市中村区X-XX-XX', '012-345-678');
INSERT IGNORE INTO houses (id, name, image_name, description, price, capacity, postal_code, address, phone_number) VALUES (13, 'SAMURAIパレス', 'house03.jpg', '最寄り駅から徒歩10分。自然豊かで閑静な場所にあります。長期滞在も可能です。', 8000, 4, '130-0023', '名古屋市中村区X-XX-XX', '012-345-678');
INSERT IGNORE INTO houses (id, name, image_name, description, price, capacity, postal_code, address, phone_number) VALUES (14, 'ロッジ SAMURAI', 'house04.jpg', '最寄り駅から徒歩10分。自然豊かで閑静な場所にあります。長期滞在も可能です。', 9000, 5, '240-0006', '名古屋市中村区X-XX-XX', '012-345-678');
INSERT IGNORE INTO houses (id, name, image_name, description, price, capacity, postal_code, address, phone_number) VALUES (15, 'SAMURAI館', 'house05.jpg', '最寄り駅から徒歩10分。自然豊かで閑静な場所にあります。長期滞在も可能です。', 10000, 6, '950-0201', '名古屋市東区X-XX-XX', '012-345-678');
INSERT IGNORE INTO houses (id, name, image_name, description, price, capacity, postal_code, address, phone_number) VALUES (16, 'SAMURAI山荘', 'house06.jpg', '最寄り駅から徒歩10分。自然豊かで閑静な場所にあります。長期滞在も可能です。', 6000, 2, '939-8155', '名古屋市昭和区X-XX-XX', '012-345-678');
INSERT IGNORE INTO houses (id, name, image_name, description, price, capacity, postal_code, address, phone_number) VALUES (17, 'SAMURAIの家', 'house07.jpg', '最寄り駅から徒歩10分。自然豊かで閑静な場所にあります。長期滞在も可能です。', 7000, 3, '929-0111', '名古屋市昭和区X-XX-XX', '012-345-678');
INSERT IGNORE INTO houses (id, name, image_name, description, price, capacity, postal_code, address, phone_number) VALUES (18, '侍の宿', 'house08.jpg', '最寄り駅から徒歩10分。自然豊かで閑静な場所にあります。長期滞在も可能です。', 8000, 4, '910-2354', '名古屋市昭和区X-XX-XX', '012-345-678');
INSERT IGNORE INTO houses (id, name, image_name, description, price, capacity, postal_code, address, phone_number) VALUES (19, 'ペンション 侍', 'house09.jpg', '最寄り駅から徒歩10分。自然豊かで閑静な場所にあります。長期滞在も可能です。', 9000, 5, '403-0003', '名古屋市昭和区X-XX-XX', '012-345-678');
INSERT IGNORE INTO houses (id, name, image_name, description, price, capacity, postal_code, address, phone_number) VALUES (20, '侍荘', 'house10.jpg', '最寄り駅から徒歩10分。自然豊かで閑静な場所にあります。長期滞在も可能です。', 10000, 6, '395-0017', '名古屋市瑞穂区X-XX-XX', '012-345-678');
INSERT IGNORE INTO houses (id, name, image_name, description, price, capacity, postal_code, address, phone_number) VALUES (21, 'ゲストハウス 侍', 'house01.jpg', '最寄り駅から徒歩10分。自然豊かで閑静な場所にあります。長期滞在も可能です。', 6000, 2, '509-5147', '名古屋市瑞穂区X-XX-XX', '012-345-678');
INSERT IGNORE INTO houses (id, name, image_name, description, price, capacity, postal_code, address, phone_number) VALUES (22, '侍屋', 'house02.jpg', '最寄り駅から徒歩10分。自然豊かで閑静な場所にあります。長期滞在も可能です。', 7000, 3, '434-0002', '名古屋市瑞穂区X-XX-XX', '012-345-678');
INSERT IGNORE INTO houses (id, name, image_name, description, price, capacity, postal_code, address, phone_number) VALUES (23, '民宿 侍', 'house03.jpg', '最寄り駅から徒歩10分。自然豊かで閑静な場所にあります。長期滞在も可能です。', 8000, 4, '444-3261', '名古屋市瑞穂区X-XX-XX', '012-345-678');
INSERT IGNORE INTO houses (id, name, image_name, description, price, capacity, postal_code, address, phone_number) VALUES (24, '侍ハイツ', 'house04.jpg', '最寄り駅から徒歩10分。自然豊かで閑静な場所にあります。長期滞在も可能です。', 9000, 5, '510-0201', '名古屋市瑞穂区X-XX-XX', '012-345-678');
INSERT IGNORE INTO houses (id, name, image_name, description, price, capacity, postal_code, address, phone_number) VALUES (25, 'メゾン侍', 'house05.jpg', '最寄り駅から徒歩10分。自然豊かで閑静な場所にあります。長期滞在も可能です。', 10000, 6, '520-2353', '名古屋市港区X-XX-XX', '012-345-678');
INSERT IGNORE INTO houses (id, name, image_name, description, price, capacity, postal_code, address, phone_number) VALUES (26, '侍マンション', 'house06.jpg', '最寄り駅から徒歩10分。自然豊かで閑静な場所にあります。長期滞在も可能です。', 6000, 2, '612-8369', '名古屋市港区X-XX-XX', '012-345-678');
INSERT IGNORE INTO houses (id, name, image_name, description, price, capacity, postal_code, address, phone_number) VALUES (27, 'コーポ侍', 'house07.jpg', '最寄り駅から徒歩10分。自然豊かで閑静な場所にあります。長期滞在も可能です。', 7000, 3, '578-0915', '名古屋市港区X-XX-XX', '012-345-678');
INSERT IGNORE INTO houses (id, name, image_name, description, price, capacity, postal_code, address, phone_number) VALUES (28, '侍ハイム', 'house08.jpg', '最寄り駅から徒歩10分。自然豊かで閑静な場所にあります。長期滞在も可能です。', 8000, 4, '655-0891', '名古屋市南区X-XX-XX', '012-345-678');
INSERT IGNORE INTO houses (id, name, image_name, description, price, capacity, postal_code, address, phone_number) VALUES (29, 'ヴィラ侍', 'house09.jpg', '最寄り駅から徒歩10分。自然豊かで閑静な場所にあります。長期滞在も可能です。', 9000, 5, '630-1126', '名古屋市南区X-XX-XX', '012-345-678');
INSERT IGNORE INTO houses (id, name, image_name, description, price, capacity, postal_code, address, phone_number) VALUES (30, '侍パレス', 'house10.jpg', '最寄り駅から徒歩10分。自然豊かで閑静な場所にあります。長期滞在も可能です。', 10000, 6, '640-8319', '名古屋市南区X-XX-XX', '012-345-678');
INSERT IGNORE INTO houses (id, name, image_name, description, price, capacity, postal_code, address, phone_number) VALUES (31, 'ロッジ 侍', 'house01.jpg', '最寄り駅から徒歩10分。自然豊かで閑静な場所にあります。長期滞在も可能です。', 6000, 2, '689-2203', '名古屋市守山区X-XX-XX', '012-345-678');
INSERT IGNORE INTO houses (id, name, image_name, description, price, capacity, postal_code, address, phone_number) VALUES (32, '侍館', 'house02.jpg', '最寄り駅から徒歩10分。自然豊かで閑静な場所にあります。長期滞在も可能です。', 7000, 3, '694-0035', '名古屋市守山区X-XX-XX', '012-345-678');
INSERT IGNORE INTO houses (id, name, image_name, description, price, capacity, postal_code, address, phone_number) VALUES (33, '侍山荘', 'house03.jpg', '最寄り駅から徒歩10分。自然豊かで閑静な場所にあります。長期滞在も可能です。', 8000, 4, '712-8036', '名古屋市緑区X-XX-XX', '012-345-678');
INSERT IGNORE INTO houses (id, name, image_name, description, price, capacity, postal_code, address, phone_number) VALUES (34, '侍の家', 'house04.jpg', '最寄り駅から徒歩10分。自然豊かで閑静な場所にあります。長期滞在も可能です。', 9000, 5, '726-0011', '名古屋市緑区X-XX-XX', '012-345-678');
INSERT IGNORE INTO houses (id, name, image_name, description, price, capacity, postal_code, address, phone_number) VALUES (35, 'さむらいの宿', 'house05.jpg', '最寄り駅から徒歩10分。自然豊かで閑静な場所にあります。長期滞在も可能です。', 10000, 6, '750-0451', '名古屋市緑区上X-XX-XX', '012-345-678');
INSERT IGNORE INTO houses (id, name, image_name, description, price, capacity, postal_code, address, phone_number) VALUES (36, 'ペンション さむらい', 'house06.jpg', '最寄り駅から徒歩10分。自然豊かで閑静な場所にあります。長期滞在も可能です。', 6000, 2, '778-0004', '名古屋市名東区X-XX-XX', '012-345-678');
INSERT IGNORE INTO houses (id, name, image_name, description, price, capacity, postal_code, address, phone_number) VALUES (37, 'さむらい荘', 'house07.jpg', '最寄り駅から徒歩10分。自然豊かで閑静な場所にあります。長期滞在も可能です。', 7000, 3, '762-0067', '名古屋市名東区X-XX-XX', '012-345-678');
INSERT IGNORE INTO houses (id, name, image_name, description, price, capacity, postal_code, address, phone_number) VALUES (38, 'ゲストハウス さむらい', 'house08.jpg', '最寄り駅から徒歩10分。自然豊かで閑静な場所にあります。長期滞在も可能です。', 8000, 4, '792-0828', '名古屋市名東区X-XX-XX', '012-345-678');
INSERT IGNORE INTO houses (id, name, image_name, description, price, capacity, postal_code, address, phone_number) VALUES (39, 'さむらい屋', 'house09.jpg', '最寄り駅から徒歩10分。自然豊かで閑静な場所にあります。長期滞在も可能です。', 9000, 5, '787-1323', '名古屋市名東区X-XX-XX', '012-345-678');
INSERT IGNORE INTO houses (id, name, image_name, description, price, capacity, postal_code, address, phone_number) VALUES (40, '民宿 さむらい', 'house10.jpg', '最寄り駅から徒歩10分。自然豊かで閑静な場所にあります。長期滞在も可能です。', 10000, 6, '835-0018', '名古屋市名東区X-XX-XX', '012-345-678');
INSERT IGNORE INTO houses (id, name, image_name, description, price, capacity, postal_code, address, phone_number) VALUES (41, 'さむらいハイツ', 'house01.jpg', '最寄り駅から徒歩10分。自然豊かで閑静な場所にあります。長期滞在も可能です。', 6000, 2, '840-0213', '名古屋市名東区X-XX-XX', '012-345-678');
INSERT IGNORE INTO houses (id, name, image_name, description, price, capacity, postal_code, address, phone_number) VALUES (42, 'メゾンさむらい', 'house02.jpg', '最寄り駅から徒歩10分。自然豊かで閑静な場所にあります。長期滞在も可能です。', 7000, 3, '852-8104', '名古屋市天白区X-XX-XX', '012-345-678');
INSERT IGNORE INTO houses (id, name, image_name, description, price, capacity, postal_code, address, phone_number) VALUES (43, 'さむらいマンション', 'house03.jpg', '最寄り駅から徒歩10分。自然豊かで閑静な場所にあります。長期滞在も可能です。', 8000, 4, '863-0021', '名古屋市天白区X-XX-XX', '012-345-678');
INSERT IGNORE INTO houses (id, name, image_name, description, price, capacity, postal_code, address, phone_number) VALUES (44, 'コーポさむらい', 'house04.jpg', '最寄り駅から徒歩10分。自然豊かで閑静な場所にあります。長期滞在も可能です。', 9000, 5, '872-0014', '名古屋市天白区X-XX-XX', '012-345-678');
INSERT IGNORE INTO houses (id, name, image_name, description, price, capacity, postal_code, address, phone_number) VALUES (45, 'さむらいハイム', 'house05.jpg', '最寄り駅から徒歩10分。自然豊かで閑静な場所にあります。長期滞在も可能です。', 10000, 6, '880-0947', '名古屋市天白区X-XX-XX', '012-345-678');
INSERT IGNORE INTO houses (id, name, image_name, description, price, capacity, postal_code, address, phone_number) VALUES (46, 'ヴィラさむらい', 'house06.jpg', '最寄り駅から徒歩10分。自然豊かで閑静な場所にあります。長期滞在も可能です。', 6000, 2, '895-2103', '名古屋市天白区X-XX-XX', '012-345-678');
INSERT IGNORE INTO houses (id, name, image_name, description, price, capacity, postal_code, address, phone_number) VALUES (47, 'さむらいパレス', 'house07.jpg', '最寄り駅から徒歩10分。自然豊かで閑静な場所にあります。長期滞在も可能です。', 7000, 3, '904-2165', '名古屋市天白区X-XX-XX', '012-345-678');
INSERT IGNORE INTO houses (id, name, image_name, description, price, capacity, postal_code, address, phone_number) VALUES (48, 'ロッジ さむらい', 'house08.jpg', '最寄り駅から徒歩10分。自然豊かで閑静な場所にあります。長期滞在も可能です。', 8000, 4, '041-1121', '名古屋市北区X-XX-XX', '012-345-678');
INSERT IGNORE INTO houses (id, name, image_name, description, price, capacity, postal_code, address, phone_number) VALUES (49, 'さむらい館', 'house09.jpg', '最寄り駅から徒歩10分。自然豊かで閑静な場所にあります。長期滞在も可能です。', 9000, 5, '095-0019', '名古屋市北区X-XX-XX', '012-345-678');
INSERT IGNORE INTO houses (id, name, image_name, description, price, capacity, postal_code, address, phone_number) VALUES (50, 'さむらい山荘', 'house10.jpg', '最寄り駅から徒歩10分。自然豊かで閑静な場所にあります。長期滞在も可能です。', 10000, 6, '099-0423', '名古屋市北区X-XX-XX', '012-345-678');
INSERT IGNORE INTO houses (id, name, image_name, description, price, capacity, postal_code, address, phone_number) VALUES (51, 'さむらいの家', 'house01.jpg', '最寄り駅から徒歩10分。自然豊かで閑静な場所にあります。長期滞在も可能です。', 6000, 2, '089-0533', '名古屋市北区X-XX-XX', '012-345-678');
INSERT IGNORE INTO houses (id, name, image_name, description, price, capacity, postal_code, address, phone_number) VALUES (52, 'サムライの宿', 'house02.jpg', '最寄り駅から徒歩10分。自然豊かで閑静な場所にあります。長期滞在も可能です。', 7000, 3, '049-3514', '名古屋市西区X-XX-XX', '012-345-678');
INSERT IGNORE INTO houses (id, name, image_name, description, price, capacity, postal_code, address, phone_number) VALUES (53, 'ペンション サムライ', 'house03.jpg', '最寄り駅から徒歩10分。自然豊かで閑静な場所にあります。長期滞在も可能です。', 8000, 4, '066-0018', '名古屋市西区X-XX-XX', '012-345-678');
INSERT IGNORE INTO houses (id, name, image_name, description, price, capacity, postal_code, address, phone_number) VALUES (54, 'サムライ荘', 'house04.jpg', '最寄り駅から徒歩10分。自然豊かで閑静な場所にあります。長期滞在も可能です。', 9000, 5, '003-0804', '名古屋市西区X-XX-XX', '012-345-678');
INSERT IGNORE INTO houses (id, name, image_name, description, price, capacity, postal_code, address, phone_number) VALUES (55, 'ゲストハウス サムライ', 'house05.jpg', '最寄り駅から徒歩10分。自然豊かで閑静な場所にあります。長期滞在も可能です。', 10000, 6, '042-0908', '名古屋市西区X-XX-XX', '012-345-678');
INSERT IGNORE INTO houses (id, name, image_name, description, price, capacity, postal_code, address, phone_number) VALUES (56, 'サムライ屋', 'house06.jpg', '最寄り駅から徒歩10分。自然豊かで閑静な場所にあります。長期滞在も可能です。', 6000, 2, '050-0061', '名古屋市中区X-XX-XX', '012-345-678');
INSERT IGNORE INTO houses (id, name, image_name, description, price, capacity, postal_code, address, phone_number) VALUES (57, '民宿 サムライ', 'house07.jpg', '最寄り駅から徒歩10分。自然豊かで閑静な場所にあります。長期滞在も可能です。', 7000, 3, '059-0027', '名古屋市中区X-XX-XX', '012-345-678');

-- rolesテーブル
INSERT IGNORE INTO roles (id, name) VALUES (1, 'ROLE_GENERAL');
INSERT IGNORE INTO roles (id, name) VALUES (2, 'ROLE_ADMIN');

-- usersテーブル
INSERT IGNORE INTO users (id, name, furigana, postal_code, address, phone_number, email, password, role_id, enabled, profession, age) VALUES (1, '侍 太郎', 'サムライ タロウ', '101-0022', '東京都千代田区神田練塀町300番地', '090-1234-5678', 'taro.samurai@example.com', '$2a$10$2JNjTwZBwo7fprL2X4sv.OEKqxnVtsVQvuXDkI8xVGix.U3W5B7CO', 1, true , 'エンジニア' , '30');
INSERT IGNORE INTO users (id, name, furigana, postal_code, address, phone_number, email, password, role_id, enabled, profession, age) VALUES (2, '侍 花子', 'サムライ ハナコ', '101-0022', '東京都千代田区神田練塀町300番地', '090-1234-5678', 'hanako.samurai@example.com', '$2a$10$2JNjTwZBwo7fprL2X4sv.OEKqxnVtsVQvuXDkI8xVGix.U3W5B7CO', 2, true , 'エンジニア' , '21');
INSERT IGNORE INTO users (id, name, furigana, postal_code, address, phone_number, email, password, role_id, enabled, profession, age) VALUES (3, '侍 義勝', 'サムライ ヨシカツ', '638-0644', '奈良県五條市西吉野町湯川X-XX-XX', '090-1234-5678', 'yoshikatsu.samurai@example.com', 'password', 1, false , '配信者' , '23');
INSERT IGNORE INTO users (id, name, furigana, postal_code, address, phone_number, email, password, role_id, enabled, profession, age) VALUES (4, '侍 幸美', 'サムライ サチミ', '342-0006', '埼玉県吉川市南広島X-XX-XX', '090-1234-5678', 'sachimi.samurai@example.com', 'password', 1, false , 'デザイナー' , '26');
INSERT IGNORE INTO users (id, name, furigana, postal_code, address, phone_number, email, password, role_id, enabled, profession, age) VALUES (5, '侍 雅', 'サムライ ミヤビ', '527-0209', '滋賀県東近江市佐目町X-XX-XX', '090-1234-5678', 'miyabi.samurai@example.com', 'password', 1, false , '医者' , '31');
INSERT IGNORE INTO users (id, name, furigana, postal_code, address, phone_number, email, password, role_id, enabled, profession, age) VALUES (6, '侍 正保', 'サムライ マサヤス', '989-1203', '宮城県柴田郡大河原町旭町X-XX-XX', '090-1234-5678', 'masayasu.samurai@example.com', 'password', 1, false , 'パイロット' , '25');
INSERT IGNORE INTO users (id, name, furigana, postal_code, address, phone_number, email, password, role_id, enabled, profession, age) VALUES (7, '侍 真由美', 'サムライ マユミ', '951-8015', '新潟県新潟市松岡町X-XX-XX', '090-1234-5678', 'mayumi.samurai@example.com', 'password', 1, false , 'スポーツ選手' , '27');
INSERT IGNORE INTO users (id, name, furigana, postal_code, address, phone_number, email, password, role_id, enabled, profession, age) VALUES (8, '侍 安民', 'サムライ ヤスタミ', '241-0033', '神奈川県横浜市旭区今川町X-XX-XX', '090-1234-5678', 'yasutami.samurai@example.com', 'password', 1, false , '不動産' , '34');
INSERT IGNORE INTO users (id, name, furigana, postal_code, address, phone_number, email, password, role_id, enabled, profession, age) VALUES (9, '侍 章緒', 'サムライ アキオ', '739-2103', '広島県東広島市高屋町宮領X-XX-XX', '090-1234-5678', 'akio.samurai@example.com', 'password', 1, false , '教師' , '44');
INSERT IGNORE INTO users (id, name, furigana, postal_code, address, phone_number, email, password, role_id, enabled, profession, age) VALUES (10, '侍 祐子', 'サムライ ユウコ', '601-0761', '京都府南丹市美山町高野X-XX-XX', '090-1234-5678', 'yuko.samurai@example.com', 'password', 1, false , '看護師' , '55');
INSERT IGNORE INTO users (id, name, furigana, postal_code, address, phone_number, email, password, role_id, enabled, profession, age) VALUES (11, '侍 秋美', 'サムライ アキミ', '606-8235', '京都府京都市左京区田中西春菜町X-XX-XX', '090-1234-5678', 'akimi.samurai@example.com', 'password', 1, false , '会社員' , '43');
INSERT IGNORE INTO users (id, name, furigana, postal_code, address, phone_number, email, password, role_id, enabled, profession, age) VALUES (12, '侍 信平', 'サムライ シンペイ', '673-1324', '兵庫県加東市新定X-XX-XX', '090-1234-5678', 'shinpei.samurai@example.com', 'password', 1, false , 'エンジニア' , '35');

-- カテゴリの追加
INSERT INTO categories (name, created_at, updated_at) VALUES ('ラーメン', NOW(), NOW());
INSERT INTO categories (name, created_at, updated_at) VALUES ('居酒屋', NOW(), NOW());

-- 各々にカテゴリを関連付ける
INSERT INTO store_category (house_id, category_id, created_at, updated_at) VALUES (1, 1, NOW(), NOW());
INSERT INTO store_category (house_id, category_id, created_at, updated_at) VALUES (2, 2, NOW(), NOW());
INSERT INTO store_category (house_id, category_id, created_at, updated_at) VALUES (3, 1, NOW(), NOW());
INSERT INTO store_category (house_id, category_id, created_at, updated_at) VALUES (4, 2, NOW(), NOW());
INSERT INTO store_category (house_id, category_id, created_at, updated_at) VALUES (5, 1, NOW(), NOW());
INSERT INTO store_category (house_id, category_id, created_at, updated_at) VALUES (6, 2, NOW(), NOW());
INSERT INTO store_category (house_id, category_id, created_at, updated_at) VALUES (7, 1, NOW(), NOW());
INSERT INTO store_category (house_id, category_id, created_at, updated_at) VALUES (8, 2, NOW(), NOW());
INSERT INTO store_category (house_id, category_id, created_at, updated_at) VALUES (9, 1, NOW(), NOW());
INSERT INTO store_category (house_id, category_id, created_at, updated_at) VALUES (10, 2, NOW(), NOW());
INSERT INTO store_category (house_id, category_id, created_at, updated_at) VALUES (11, 2, NOW(), NOW());
INSERT INTO store_category (house_id, category_id, created_at, updated_at) VALUES (12, 1, NOW(), NOW());
INSERT INTO store_category (house_id, category_id, created_at, updated_at) VALUES (13, 2, NOW(), NOW());
INSERT INTO store_category (house_id, category_id, created_at, updated_at) VALUES (14, 1, NOW(), NOW());
INSERT INTO store_category (house_id, category_id, created_at, updated_at) VALUES (15, 2, NOW(), NOW());
INSERT INTO store_category (house_id, category_id, created_at, updated_at) VALUES (16, 1, NOW(), NOW());
INSERT INTO store_category (house_id, category_id, created_at, updated_at) VALUES (17, 2, NOW(), NOW());
INSERT INTO store_category (house_id, category_id, created_at, updated_at) VALUES (18, 1, NOW(), NOW());
INSERT INTO store_category (house_id, category_id, created_at, updated_at) VALUES (19, 2, NOW(), NOW());
INSERT INTO store_category (house_id, category_id, created_at, updated_at) VALUES (20, 1, NOW(), NOW());
INSERT INTO store_category (house_id, category_id, created_at, updated_at) VALUES (21, 2, NOW(), NOW());
INSERT INTO store_category (house_id, category_id, created_at, updated_at) VALUES (22, 1, NOW(), NOW());
INSERT INTO store_category (house_id, category_id, created_at, updated_at) VALUES (23, 2, NOW(), NOW());
INSERT INTO store_category (house_id, category_id, created_at, updated_at) VALUES (24, 1, NOW(), NOW());
INSERT INTO store_category (house_id, category_id, created_at, updated_at) VALUES (25, 2, NOW(), NOW());
INSERT INTO store_category (house_id, category_id, created_at, updated_at) VALUES (26, 1, NOW(), NOW());
INSERT INTO store_category (house_id, category_id, created_at, updated_at) VALUES (27, 2, NOW(), NOW());
INSERT INTO store_category (house_id, category_id, created_at, updated_at) VALUES (28, 1, NOW(), NOW());
INSERT INTO store_category (house_id, category_id, created_at, updated_at) VALUES (29, 2, NOW(), NOW());
INSERT INTO store_category (house_id, category_id, created_at, updated_at) VALUES (30, 1, NOW(), NOW());
INSERT INTO store_category (house_id, category_id, created_at, updated_at) VALUES (31, 2, NOW(), NOW());
INSERT INTO store_category (house_id, category_id, created_at, updated_at) VALUES (32, 1, NOW(), NOW());
INSERT INTO store_category (house_id, category_id, created_at, updated_at) VALUES (33, 2, NOW(), NOW());
INSERT INTO store_category (house_id, category_id, created_at, updated_at) VALUES (34, 1, NOW(), NOW());
INSERT INTO store_category (house_id, category_id, created_at, updated_at) VALUES (35, 2, NOW(), NOW());
INSERT INTO store_category (house_id, category_id, created_at, updated_at) VALUES (36, 1, NOW(), NOW());
INSERT INTO store_category (house_id, category_id, created_at, updated_at) VALUES (37, 2, NOW(), NOW());
INSERT INTO store_category (house_id, category_id, created_at, updated_at) VALUES (38, 1, NOW(), NOW());
INSERT INTO store_category (house_id, category_id, created_at, updated_at) VALUES (39, 2, NOW(), NOW());
INSERT INTO store_category (house_id, category_id, created_at, updated_at) VALUES (40, 1, NOW(), NOW());
INSERT INTO store_category (house_id, category_id, created_at, updated_at) VALUES (41, 2, NOW(), NOW());
INSERT INTO store_category (house_id, category_id, created_at, updated_at) VALUES (42, 1, NOW(), NOW());
INSERT INTO store_category (house_id, category_id, created_at, updated_at) VALUES (43, 2, NOW(), NOW());
INSERT INTO store_category (house_id, category_id, created_at, updated_at) VALUES (44, 1, NOW(), NOW());
INSERT INTO store_category (house_id, category_id, created_at, updated_at) VALUES (45, 2, NOW(), NOW());
INSERT INTO store_category (house_id, category_id, created_at, updated_at) VALUES (46, 1, NOW(), NOW());
INSERT INTO store_category (house_id, category_id, created_at, updated_at) VALUES (47, 2, NOW(), NOW());
INSERT INTO store_category (house_id, category_id, created_at, updated_at) VALUES (48, 1, NOW(), NOW());
INSERT INTO store_category (house_id, category_id, created_at, updated_at) VALUES (49, 2, NOW(), NOW());
INSERT INTO store_category (house_id, category_id, created_at, updated_at) VALUES (50, 1, NOW(), NOW());

-- reviewsテーブル
INSERT IGNORE INTO reviews (id, house_id, user_id, score, content) VALUES (1, 1, 1, 5, '素晴らしい滞在でした。また利用したいです。');
INSERT IGNORE INTO reviews (id, house_id, user_id, score, content) VALUES (2, 1, 2, 4, '部屋が綺麗で、快適に過ごせました。');
INSERT IGNORE INTO reviews (id, house_id, user_id, score, content) VALUES (3, 1, 3, 4, 'アクセスが良く、観光に最適でした。');
INSERT IGNORE INTO reviews (id, house_id, user_id, score, content) VALUES (4, 1, 4, 5, 'スタッフが親切で、気持ちよく滞在できました。');
INSERT IGNORE INTO reviews (id, house_id, user_id, score, content) VALUES (5, 1, 5, 4, '駅から近く、便利でした。');
INSERT IGNORE INTO reviews (id, house_id, user_id, score, content) VALUES (6, 1, 6, 5, '周辺の飲食店が充実していて、楽しめました。');
INSERT IGNORE INTO reviews (id, house_id, user_id, score, content) VALUES (7, 1, 7, 4, '宿泊費が手頃で、コストパフォーマンスが良かったです。');
INSERT IGNORE INTO reviews (id, house_id, user_id, score, content) VALUES (8, 1, 8, 3, '静かな環境でゆっくり休めました。');
INSERT IGNORE INTO reviews (id, house_id, user_id, score, content) VALUES (9, 1, 9, 4, '施設内の設備が充実していました。');
INSERT IGNORE INTO reviews (id, house_id, user_id, score, content) VALUES (10, 1, 10, 5, 'Wi-Fiが快適で助かりました。');
INSERT IGNORE INTO reviews (id, house_id, user_id, score, content) VALUES (11, 1, 11, 4, '清潔感があり、気持ちよく滞在できました。');
INSERT IGNORE INTO reviews (id, house_id, user_id, score, content) VALUES (12, 1, 12, 5, '部屋が広く、ゆったり過ごせました。');
 
-- favoritesテーブル
INSERT IGNORE INTO nagoyameshi_data.favorites (id, house_id, user_id) VALUES (1, 1, 1);
INSERT IGNORE INTO nagoyameshi_data.favorites (id, house_id, user_id) VALUES (2, 2, 1);
INSERT IGNORE INTO nagoyameshi_data.favorites (id, house_id, user_id) VALUES (3, 3, 1);
INSERT IGNORE INTO nagoyameshi_data.favorites (id, house_id, user_id) VALUES (4, 4, 1);
INSERT IGNORE INTO nagoyameshi_data.favorites (id, house_id, user_id) VALUES (5, 5, 1);
INSERT IGNORE INTO nagoyameshi_data.favorites (id, house_id, user_id) VALUES (6, 6, 1);
INSERT IGNORE INTO nagoyameshi_data.favorites (id, house_id, user_id) VALUES (7, 7, 1);
INSERT IGNORE INTO nagoyameshi_data.favorites (id, house_id, user_id) VALUES (8, 8, 1);
INSERT IGNORE INTO nagoyameshi_data.favorites (id, house_id, user_id) VALUES (9, 9, 1);
INSERT IGNORE INTO nagoyameshi_data.favorites (id, house_id, user_id) VALUES (10, 10, 1);
INSERT IGNORE INTO nagoyameshi_data.favorites (id, house_id, user_id) VALUES (11, 11, 1);
INSERT IGNORE INTO nagoyameshi_data.favorites (id, house_id, user_id) VALUES (12, 12, 1);

